<edmx:Edmx
    xmlns:edmx="http://schemas.microsoft.com/ado/2007/06/edmx"
    xmlns:m="http://schemas.microsoft.com/ado/2007/08/dataservices/metadata"
    xmlns:sap="http://www.sap.com/Protocols/SAPData" Version="1.0">
    <edmx:DataServices m:DataServiceVersion="2.0">
        <Schema
            xmlns="http://schemas.microsoft.com/ado/2008/09/edm" Namespace="ZPORTAL_SF_PORTALSS_SRV" xml:lang="en" sap:schema-version="1">
            <EntityType Name="List" sap:content-version="1">
                <Key>
                    <PropertyRef Name="Mrpcontroller"/>
                    <PropertyRef Name="Planplant"/>
                </Key>
                <Property Name="Mrpcontroller" Type="Edm.String" Nullable="false" MaxLength="3" sap:unicode="false" sap:label="MRP Controller" sap:creatable="false" sap:updatable="false" sap:sortable="false" sap:filterable="false"/>
                <Property Name="Planplant" Type="Edm.String" Nullable="false" MaxLength="4" sap:unicode="false" sap:label="Plant" sap:creatable="false" sap:updatable="false" sap:sortable="false" sap:filterable="false"/>
                <Property Name="Type" Type="Edm.String" MaxLength="1" sap:unicode="false" sap:label="Message type" sap:creatable="false" sap:updatable="false" sap:sortable="false" sap:filterable="false"/>
                <Property Name="Id" Type="Edm.String" MaxLength="20" sap:unicode="false" sap:label="Message Class" sap:creatable="false" sap:updatable="false" sap:sortable="false" sap:filterable="false"/>
                <Property Name="Number" Type="Edm.String" MaxLength="3" sap:unicode="false" sap:label="Message number" sap:creatable="false" sap:updatable="false" sap:sortable="false" sap:filterable="false"/>
                <Property Name="Message" Type="Edm.String" MaxLength="220" sap:unicode="false" sap:label="Message text" sap:creatable="false" sap:updatable="false" sap:sortable="false" sap:filterable="false"/>
                <Property Name="LogNo" Type="Edm.String" MaxLength="20" sap:unicode="false" sap:label="Log number" sap:creatable="false" sap:updatable="false" sap:sortable="false" sap:filterable="false"/>
                <Property Name="LogMsgNo" Type="Edm.String" MaxLength="6" sap:unicode="false" sap:label="Message no." sap:creatable="false" sap:updatable="false" sap:sortable="false" sap:filterable="false"/>
                <Property Name="MessageV1" Type="Edm.String" MaxLength="50" sap:unicode="false" sap:label="Message Variable" sap:creatable="false" sap:updatable="false" sap:sortable="false" sap:filterable="false"/>
                <Property Name="MessageV2" Type="Edm.String" MaxLength="50" sap:unicode="false" sap:label="Message Variable" sap:creatable="false" sap:updatable="false" sap:sortable="false" sap:filterable="false"/>
                <Property Name="MessageV3" Type="Edm.String" MaxLength="50" sap:unicode="false" sap:label="Message Variable" sap:creatable="false" sap:updatable="false" sap:sortable="false" sap:filterable="false"/>
                <Property Name="MessageV4" Type="Edm.String" MaxLength="50" sap:unicode="false" sap:label="Message Variable" sap:creatable="false" sap:updatable="false" sap:sortable="false" sap:filterable="false"/>
                <Property Name="PlannedorderNum" Type="Edm.String" MaxLength="10" sap:unicode="false" sap:label="Planned order" sap:creatable="false" sap:updatable="false" sap:sortable="false" sap:filterable="false"/>
                <Property Name="Material" Type="Edm.String" MaxLength="18" sap:unicode="false" sap:label="Material" sap:creatable="false" sap:updatable="false" sap:sortable="false" sap:filterable="false"/>
                <Property Name="PlanPlant" Type="Edm.String" MaxLength="4" sap:unicode="false" sap:label="Planning plant" sap:creatable="false" sap:updatable="false" sap:sortable="false" sap:filterable="false"/>
                <Property Name="ProdPlant" Type="Edm.String" MaxLength="4" sap:unicode="false" sap:label="Producing plant" sap:creatable="false" sap:updatable="false" sap:sortable="false" sap:filterable="false"/>
                <Property Name="OrderType" Type="Edm.String" MaxLength="4" sap:unicode="false" sap:label="Order type" sap:creatable="false" sap:updatable="false" sap:sortable="false" sap:filterable="false"/>
                <Property Name="ProcurementType" Type="Edm.String" MaxLength="1" sap:unicode="false" sap:label="Procurement" sap:creatable="false" sap:updatable="false" sap:sortable="false" sap:filterable="false"/>
                <Property Name="SpecialprocType" Type="Edm.String" MaxLength="1" sap:unicode="false" sap:label="Spec. procuremt" sap:creatable="false" sap:updatable="false" sap:sortable="false" sap:filterable="false"/>
                <Property Name="TotalPlordQty" Type="Edm.Decimal" Precision="13" Scale="3" sap:unicode="false" sap:label="Order quantity" sap:creatable="false" sap:updatable="false" sap:sortable="false" sap:filterable="false"/>
                <Property Name="FixedScrapQty" Type="Edm.Decimal" Precision="13" Scale="3" sap:unicode="false" sap:label="Scrap quantity" sap:creatable="false" sap:updatable="false" sap:sortable="false" sap:filterable="false"/>
                <Property Name="ReqQuan" Type="Edm.Decimal" Precision="13" Scale="3" sap:unicode="false" sap:label="Reqmt Qty" sap:creatable="false" sap:updatable="false" sap:sortable="false" sap:filterable="false"/>
                <Property Name="OrderStartDate" Type="Edm.DateTime" Precision="7" sap:unicode="false" sap:label="Order start" sap:creatable="false" sap:updatable="false" sap:sortable="false" sap:filterable="false"/>
                <Property Name="OrderFinDate" Type="Edm.DateTime" Precision="7" sap:unicode="false" sap:label="Order finish" sap:creatable="false" sap:updatable="false" sap:sortable="false" sap:filterable="false"/>
                <Property Name="PlanOpenDate" Type="Edm.DateTime" Precision="7" sap:unicode="false" sap:label="Planned opening" sap:creatable="false" sap:updatable="false" sap:sortable="false" sap:filterable="false"/>
                <Property Name="GrProcTime" Type="Edm.Decimal" Precision="3" Scale="0" sap:unicode="false" sap:label="GR ProcessTime" sap:creatable="false" sap:updatable="false" sap:sortable="false" sap:filterable="false"/>
                <Property Name="MrpController" Type="Edm.String" MaxLength="3" sap:unicode="false" sap:label="MRP controller" sap:creatable="false" sap:updatable="false" sap:sortable="false" sap:filterable="false"/>
                <Property Name="ConversionInd" Type="Edm.Boolean" sap:unicode="false" sap:label="Conversion" sap:creatable="false" sap:updatable="false" sap:sortable="false" sap:filterable="false"/>
                <Property Name="BomExpFixInd" Type="Edm.Boolean" sap:unicode="false" sap:label="Fixed explosion" sap:creatable="false" sap:updatable="false" sap:sortable="false" sap:filterable="false"/>
                <Property Name="Acctasscat" Type="Edm.String" MaxLength="1" sap:unicode="false" sap:label="Acct Assgt Cat." sap:creatable="false" sap:updatable="false" sap:sortable="false" sap:filterable="false"/>
                <Property Name="SalesOrd" Type="Edm.String" MaxLength="10" sap:unicode="false" sap:label="Sales Order" sap:creatable="false" sap:updatable="false" sap:sortable="false" sap:filterable="false"/>
                <Property Name="SOrdItem" Type="Edm.String" MaxLength="6" sap:unicode="false" sap:label="Sales Ord. Item" sap:creatable="false" sap:updatable="false" sap:sortable="false" sap:filterable="false"/>
                <Property Name="SchedLine" Type="Edm.String" MaxLength="4" sap:unicode="false" sap:label="SOrder Schedule" sap:creatable="false" sap:updatable="false" sap:sortable="false" sap:filterable="false"/>
                <Property Name="ReservNo" Type="Edm.String" MaxLength="10" sap:unicode="false" sap:label="Reservation" sap:creatable="false" sap:updatable="false" sap:sortable="false" sap:filterable="false"/>
                <Property Name="QuotaArr" Type="Edm.String" MaxLength="10" sap:unicode="false" sap:label="Quota Arr." sap:creatable="false" sap:updatable="false" sap:sortable="false" sap:filterable="false"/>
                <Property Name="Quotarritm" Type="Edm.String" MaxLength="3" sap:unicode="false" sap:label="Quota Arr. Item" sap:creatable="false" sap:updatable="false" sap:sortable="false" sap:filterable="false"/>
                <Property Name="FixedVend" Type="Edm.String" MaxLength="10" sap:unicode="false" sap:label="Fixed Vendor" sap:creatable="false" sap:updatable="false" sap:sortable="false" sap:filterable="false"/>
                <Property Name="Agreement" Type="Edm.String" MaxLength="10" sap:unicode="false" sap:label="Agreement" sap:creatable="false" sap:updatable="false" sap:sortable="false" sap:filterable="false"/>
                <Property Name="AgmtItem" Type="Edm.String" MaxLength="5" sap:unicode="false" sap:label="Agreement Item" sap:creatable="false" sap:updatable="false" sap:sortable="false" sap:filterable="false"/>
                <Property Name="PurchOrg" Type="Edm.String" MaxLength="4" sap:unicode="false" sap:label="Purchasing Org." sap:creatable="false" sap:updatable="false" sap:sortable="false" sap:filterable="false"/>
                <Property Name="StgeLoc" Type="Edm.String" MaxLength="4" sap:unicode="false" sap:label="Stor. Location" sap:creatable="false" sap:updatable="false" sap:sortable="false" sap:filterable="false"/>
                <Property Name="Consumpt" Type="Edm.String" MaxLength="1" sap:unicode="false" sap:label="Consumption" sap:creatable="false" sap:updatable="false" sap:sortable="false" sap:filterable="false"/>
                <Property Name="SpecStock" Type="Edm.String" MaxLength="1" sap:unicode="false" sap:label="Special Stock" sap:creatable="false" sap:updatable="false" sap:sortable="false" sap:filterable="false"/>
                <Property Name="IntProjItem" Type="Edm.String" MaxLength="24" sap:unicode="false" sap:label="WBS Element" sap:creatable="false" sap:updatable="false" sap:sortable="false" sap:filterable="false"/>
                <Property Name="BomexplNo" Type="Edm.String" MaxLength="8" sap:unicode="false" sap:label="BOM expl.number" sap:creatable="false" sap:updatable="false" sap:sortable="false" sap:filterable="false"/>
                <Property Name="BomexplDate" Type="Edm.DateTime" Precision="7" sap:unicode="false" sap:label="Explosion date" sap:creatable="false" sap:updatable="false" sap:sortable="false" sap:filterable="false"/>
                <Property Name="ValidityObject" Type="Edm.String" MaxLength="12" sap:unicode="false" sap:label="StandardVariant" sap:creatable="false" sap:updatable="false" sap:sortable="false" sap:filterable="false"/>
                <Property Name="BomUsage" Type="Edm.String" MaxLength="1" sap:unicode="false" sap:label="Usage" sap:creatable="false" sap:updatable="false" sap:sortable="false" sap:filterable="false"/>
                <Property Name="AlternativeBom" Type="Edm.String" MaxLength="2" sap:unicode="false" sap:label="Alternative" sap:creatable="false" sap:updatable="false" sap:sortable="false" sap:filterable="false"/>
                <Property Name="BomStatus" Type="Edm.String" MaxLength="2" sap:unicode="false" sap:label="BOM status" sap:creatable="false" sap:updatable="false" sap:sortable="false" sap:filterable="false"/>
                <Property Name="ChangeNumber" Type="Edm.String" MaxLength="12" sap:unicode="false" sap:label="Change Number" sap:creatable="false" sap:updatable="false" sap:sortable="false" sap:filterable="false"/>
                <Property Name="Setreserno" Type="Edm.String" MaxLength="10" sap:unicode="false" sap:label="Settle.reser.No" sap:creatable="false" sap:updatable="false" sap:sortable="false" sap:filterable="false"/>
                <Property Name="Settlitmno" Type="Edm.String" MaxLength="4" sap:unicode="false" sap:label="Settle.item no." sap:creatable="false" sap:updatable="false" sap:sortable="false" sap:filterable="false"/>
                <Property Name="DistKey" Type="Edm.String" MaxLength="4" sap:unicode="false" sap:label="Distribution" sap:creatable="false" sap:updatable="false" sap:sortable="false" sap:filterable="false"/>
                <Property Name="Version" Type="Edm.String" MaxLength="4" sap:unicode="false" sap:label="Prod. Version" sap:creatable="false" sap:updatable="false" sap:sortable="false" sap:filterable="false"/>
                <Property Name="RunschdHd" Type="Edm.String" MaxLength="12" sap:unicode="false" sap:label="RS header" sap:creatable="false" sap:updatable="false" sap:sortable="false" sap:filterable="false"/>
                <Property Name="ProdScheduler" Type="Edm.String" MaxLength="3" sap:unicode="false" sap:label="Prodn Superv." sap:creatable="false" sap:updatable="false" sap:sortable="false" sap:filterable="false"/>
                <Property Name="ProdStartDate" Type="Edm.DateTime" Precision="7" sap:unicode="false" sap:label="Prod.start date" sap:creatable="false" sap:updatable="false" sap:sortable="false" sap:filterable="false"/>
                <Property Name="ProdFinishDate" Type="Edm.DateTime" Precision="7" sap:unicode="false" sap:label="Product. finish" sap:creatable="false" sap:updatable="false" sap:sortable="false" sap:filterable="false"/>
                <Property Name="CapReqRecordid" Type="Edm.String" MaxLength="12" sap:unicode="false" sap:label="ID" sap:creatable="false" sap:updatable="false" sap:sortable="false" sap:filterable="false"/>
                <Property Name="SchedulingId" Type="Edm.String" MaxLength="15" sap:unicode="false" sap:label="Number" sap:creatable="false" sap:updatable="false" sap:sortable="false" sap:filterable="false"/>
                <Property Name="SchedulingInd" Type="Edm.Boolean" sap:unicode="false" sap:label="Scheduling" sap:creatable="false" sap:updatable="false" sap:sortable="false" sap:filterable="false"/>
                <Property Name="SchedulingError" Type="Edm.String" MaxLength="2" sap:unicode="false" sap:label="Schedul. error" sap:creatable="false" sap:updatable="false" sap:sortable="false" sap:filterable="false"/>
                <Property Name="ProductionNote" Type="Edm.String" MaxLength="1" sap:unicode="false" sap:label="Production note" sap:creatable="false" sap:updatable="false" sap:sortable="false" sap:filterable="false"/>
                <Property Name="BackflushInd" Type="Edm.String" MaxLength="1" sap:unicode="false" sap:label="Backflushing" sap:creatable="false" sap:updatable="false" sap:sortable="false" sap:filterable="false"/>
                <Property Name="BaseUom" Type="Edm.String" MaxLength="3" sap:unicode="false" sap:label="Base Unit" sap:creatable="false" sap:updatable="false" sap:sortable="false" sap:filterable="false" sap:semantics="unit-of-measure"/>
                <Property Name="Configuration" Type="Edm.String" MaxLength="18" sap:unicode="false" sap:label="Int. object no." sap:creatable="false" sap:updatable="false" sap:sortable="false" sap:filterable="false"/>
                <Property Name="RevisionLevel" Type="Edm.String" MaxLength="2" sap:unicode="false" sap:label="Revision Level" sap:creatable="false" sap:updatable="false" sap:sortable="false" sap:filterable="false"/>
                <Property Name="ReducedQty" Type="Edm.Decimal" Precision="13" Scale="3" sap:unicode="false" sap:label="Reduced qty" sap:creatable="false" sap:updatable="false" sap:sortable="false" sap:filterable="false"/>
                <Property Name="SchedRateIndex" Type="Edm.String" MaxLength="12" sap:unicode="false" sap:label="Rate ID" sap:creatable="false" sap:updatable="false" sap:sortable="false" sap:filterable="false"/>
                <Property Name="RoughSchedindexltIndex" Type="Edm.String" MaxLength="12" sap:unicode="false" sap:label="Rough sched. ID" sap:creatable="false" sap:updatable="false" sap:sortable="false" sap:filterable="false"/>
                <Property Name="SchedErrorPr" Type="Edm.String" MaxLength="2" sap:unicode="false" sap:label="SchedError rate" sap:creatable="false" sap:updatable="false" sap:sortable="false" sap:filterable="false"/>
                <Property Name="SchedErrorRs" Type="Edm.String" MaxLength="2" sap:unicode="false" sap:label="Sched.error" sap:creatable="false" sap:updatable="false" sap:sortable="false" sap:filterable="false"/>
                <Property Name="ObjectType" Type="Edm.String" MaxLength="1" sap:unicode="false" sap:label="Object type" sap:creatable="false" sap:updatable="false" sap:sortable="false" sap:filterable="false"/>
                <Property Name="PlngScenarioLt" Type="Edm.String" MaxLength="3" sap:unicode="false" sap:label="Plnng scenario" sap:creatable="false" sap:updatable="false" sap:sortable="false" sap:filterable="false"/>
                <Property Name="SimReqNo" Type="Edm.String" MaxLength="10" sap:unicode="false" sap:label="Sim.requmts no." sap:creatable="false" sap:updatable="false" sap:sortable="false" sap:filterable="false"/>
                <Property Name="KanbanIndicator" Type="Edm.String" MaxLength="1" sap:unicode="false" sap:label="Kanban Indicat." sap:creatable="false" sap:updatable="false" sap:sortable="false" sap:filterable="false"/>
                <Property Name="DispCapInd" Type="Edm.Boolean" sap:unicode="false" sap:label="Cap. dispatched" sap:creatable="false" sap:updatable="false" sap:sortable="false" sap:filterable="false"/>
                <Property Name="SeqNumberOrder" Type="Edm.String" MaxLength="14" sap:unicode="false" sap:label="Sequence number" sap:creatable="false" sap:updatable="false" sap:sortable="false" sap:filterable="false"/>
                <Property Name="OrderStrTime" Type="Edm.Time" Precision="0" sap:unicode="false" sap:label="Start Time" sap:creatable="false" sap:updatable="false" sap:sortable="false" sap:filterable="false"/>
                <Property Name="OrderFinTime" Type="Edm.Time" Precision="0" sap:unicode="false" sap:label="End Time" sap:creatable="false" sap:updatable="false" sap:sortable="false" sap:filterable="false"/>
                <Property Name="CollordLeadInd" Type="Edm.String" MaxLength="1" sap:unicode="false" sap:label="Coll. Order" sap:creatable="false" sap:updatable="false" sap:sortable="false" sap:filterable="false"/>
                <Property Name="AvailableConf" Type="Edm.String" MaxLength="1" sap:unicode="false" sap:label="Avail.confirm." sap:creatable="false" sap:updatable="false" sap:sortable="false" sap:filterable="false"/>
                <Property Name="CommitQty" Type="Edm.Decimal" Precision="13" Scale="3" sap:unicode="false" sap:label="Committed qty" sap:creatable="false" sap:updatable="false" sap:sortable="false" sap:filterable="false"/>
                <Property Name="PlordCtrl" Type="Edm.String" MaxLength="2" sap:unicode="false" sap:label="Action control" sap:creatable="false" sap:updatable="false" sap:sortable="false" sap:filterable="false"/>
                <Property Name="ActionPlndOrd" Type="Edm.String" MaxLength="4" sap:unicode="false" sap:label="Action(PlndOrd)" sap:creatable="false" sap:updatable="false" sap:sortable="false" sap:filterable="false"/>
                <Property Name="DateOfAction" Type="Edm.DateTime" Precision="7" sap:unicode="false" sap:label="Action date" sap:creatable="false" sap:updatable="false" sap:sortable="false" sap:filterable="false"/>
                <Property Name="TimeOfAction" Type="Edm.Time" Precision="0" sap:unicode="false" sap:label="Action time" sap:creatable="false" sap:updatable="false" sap:sortable="false" sap:filterable="false"/>
                <Property Name="TotalCommitDat" Type="Edm.DateTime" Precision="7" sap:unicode="false" sap:label="Tot. commitment" sap:creatable="false" sap:updatable="false" sap:sortable="false" sap:filterable="false"/>
                <Property Name="SchedProdDates" Type="Edm.Boolean" sap:unicode="false" sap:label="By prod. dates" sap:creatable="false" sap:updatable="false" sap:sortable="false" sap:filterable="false"/>
                <Property Name="LeadSchedLevel" Type="Edm.String" MaxLength="1" sap:unicode="false" sap:label="Scheduling lvl" sap:creatable="false" sap:updatable="false" sap:sortable="false" sap:filterable="false"/>
                <Property Name="AtpCheckType" Type="Edm.String" MaxLength="1" sap:unicode="false" sap:label="Type avail.chck" sap:creatable="false" sap:updatable="false" sap:sortable="false" sap:filterable="false"/>
                <Property Name="PlnWoAssembly" Type="Edm.Boolean" sap:unicode="false" sap:label="W/o final assy" sap:creatable="false" sap:updatable="false" sap:sortable="false" sap:filterable="false"/>
                <Property Name="ReqPlanNo" Type="Edm.String" MaxLength="10" sap:unicode="false" sap:label="Reqmts Plan" sap:creatable="false" sap:updatable="false" sap:sortable="false" sap:filterable="false"/>
                <Property Name="ReqTotaling" Type="Edm.String" MaxLength="1" sap:unicode="false" sap:label="Aggregate reqmts" sap:creatable="false" sap:updatable="false" sap:sortable="false" sap:filterable="false"/>
                <Property Name="Numerator" Type="Edm.Decimal" Precision="5" Scale="0" sap:unicode="false" sap:label="Numerator" sap:creatable="false" sap:updatable="false" sap:sortable="false" sap:filterable="false"/>
                <Property Name="Denominatr" Type="Edm.Decimal" Precision="5" Scale="0" sap:unicode="false" sap:label="Denominator" sap:creatable="false" sap:updatable="false" sap:sortable="false" sap:filterable="false"/>
                <Property Name="EntryQnt" Type="Edm.Decimal" Precision="13" Scale="3" sap:unicode="false" sap:label="Quantity in UnE" sap:creatable="false" sap:updatable="false" sap:sortable="false" sap:filterable="false"/>
                <Property Name="UnitOfEntry" Type="Edm.String" MaxLength="3" sap:unicode="false" sap:label="Unit of Entry" sap:creatable="false" sap:updatable="false" sap:sortable="false" sap:filterable="false" sap:semantics="unit-of-measure"/>
                <Property Name="ReqRecordNo" Type="Edm.String" MaxLength="10" sap:unicode="false" sap:label="Requirements" sap:creatable="false" sap:updatable="false" sap:sortable="false" sap:filterable="false"/>
                <Property Name="SpecStvalInd" Type="Edm.String" MaxLength="1" sap:unicode="false" sap:label="Valuation" sap:creatable="false" sap:updatable="false" sap:sortable="false" sap:filterable="false"/>
                <Property Name="DelivQty" Type="Edm.Decimal" Precision="13" Scale="3" sap:unicode="false" sap:label="Received" sap:creatable="false" sap:updatable="false" sap:sortable="false" sap:filterable="false"/>
                <Property Name="WithdrQty" Type="Edm.Decimal" Precision="13" Scale="3" sap:unicode="false" sap:label="Issued" sap:creatable="false" sap:updatable="false" sap:sortable="false" sap:filterable="false"/>
                <Property Name="ObjDependTree" Type="Edm.String" MaxLength="17" sap:unicode="false" sap:label="Edge obj. dep." sap:creatable="false" sap:updatable="false" sap:sortable="false" sap:filterable="false"/>
                <Property Name="ScVendor" Type="Edm.Boolean" sap:unicode="false" sap:label="SC vendor" sap:creatable="false" sap:updatable="false" sap:sortable="false" sap:filterable="false"/>
                <Property Name="DelivRecVendor" Type="Edm.String" MaxLength="10" sap:unicode="false" sap:label="Vendor" sap:creatable="false" sap:updatable="false" sap:sortable="false" sap:filterable="false"/>
                <Property Name="MrpArea" Type="Edm.String" MaxLength="10" sap:unicode="false" sap:label="MRP Area" sap:creatable="false" sap:updatable="false" sap:sortable="false" sap:filterable="false"/>
                <Property Name="IssueMrpArea" Type="Edm.String" MaxLength="10" sap:unicode="false" sap:label="from MRP area" sap:creatable="false" sap:updatable="false" sap:sortable="false" sap:filterable="false"/>
                <Property Name="MpnMaterial" Type="Edm.String" MaxLength="18" sap:unicode="false" sap:label="MPN Material" sap:creatable="false" sap:updatable="false" sap:sortable="false" sap:filterable="false"/>
                <Property Name="RepetitiveInd" Type="Edm.String" MaxLength="1" sap:unicode="false" sap:label="Repetitive mfg" sap:creatable="false" sap:updatable="false" sap:sortable="false" sap:filterable="false"/>
                <Property Name="BaseUomIso" Type="Edm.String" MaxLength="3" sap:unicode="false" sap:label="ISO code" sap:creatable="false" sap:updatable="false" sap:sortable="false" sap:filterable="false"/>
                <Property Name="UnitOfEntryIso" Type="Edm.String" MaxLength="3" sap:unicode="false" sap:label="ISO code" sap:creatable="false" sap:updatable="false" sap:sortable="false" sap:filterable="false"/>
                <Property Name="MaterialExternal" Type="Edm.String" MaxLength="40" sap:unicode="false" sap:label="Material Number" sap:creatable="false" sap:updatable="false" sap:sortable="false" sap:filterable="false"/>
                <Property Name="MaterialGuid" Type="Edm.String" MaxLength="32" sap:unicode="false" sap:label="GUID (External)" sap:creatable="false" sap:updatable="false" sap:sortable="false" sap:filterable="false"/>
                <Property Name="MaterialVersion" Type="Edm.String" MaxLength="10" sap:unicode="false" sap:label="Version Number" sap:creatable="false" sap:updatable="false" sap:sortable="false" sap:filterable="false"/>
                <Property Name="MpnMaterialExternal" Type="Edm.String" MaxLength="40" sap:unicode="false" sap:label="Material Number" sap:creatable="false" sap:updatable="false" sap:sortable="false" sap:filterable="false"/>
                <Property Name="MpnMaterialGuid" Type="Edm.String" MaxLength="32" sap:unicode="false" sap:label="GUID (External)" sap:creatable="false" sap:updatable="false" sap:sortable="false" sap:filterable="false"/>
                <Property Name="MpnMaterialVersion" Type="Edm.String" MaxLength="10" sap:unicode="false" sap:label="Version Number" sap:creatable="false" sap:updatable="false" sap:sortable="false" sap:filterable="false"/>
                <Property Name="SupplStloc" Type="Edm.String" MaxLength="4" sap:unicode="false" sap:label="Iss. Stor. Loc." sap:creatable="false" sap:updatable="false" sap:sortable="false" sap:filterable="false"/>
                <Property Name="StockSegment" Type="Edm.String" MaxLength="16" sap:unicode="false" sap:label="Stock Segment" sap:creatable="false" sap:updatable="false" sap:sortable="false" sap:filterable="false"/>
            </EntityType>
            <EntityType Name="Create" sap:content-version="1">
                <Key>
                    <PropertyRef Name="Mnum"/>
                    <PropertyRef Name="Planorderprofile"/>
                    <PropertyRef Name="Planplant"/>
                    <PropertyRef Name="PoCompleteddate"/>
                    <PropertyRef Name="PoStartdate"/>
                    <PropertyRef Name="Quality"/>
                </Key>
                <Property Name="Mnum" Type="Edm.String" Nullable="false" MaxLength="18" sap:unicode="false" sap:label="Material No." sap:creatable="false" sap:updatable="false" sap:sortable="false" sap:filterable="false"/>
                <Property Name="Planorderprofile" Type="Edm.String" Nullable="false" MaxLength="4" sap:unicode="false" sap:label="Order profile" sap:creatable="false" sap:updatable="false" sap:sortable="false" sap:filterable="false"/>
                <Property Name="Planplant" Type="Edm.String" Nullable="false" MaxLength="4" sap:unicode="false" sap:label="Planning plant" sap:creatable="false" sap:updatable="false" sap:sortable="false" sap:filterable="false"/>
                <Property Name="PoCompleteddate" Type="Edm.DateTime" Nullable="false" Precision="7" sap:unicode="false" sap:label="Order finish" sap:creatable="false" sap:updatable="false" sap:sortable="false" sap:filterable="false"/>
                <Property Name="PoStartdate" Type="Edm.DateTime" Nullable="false" Precision="7" sap:unicode="false" sap:label="Order start" sap:creatable="false" sap:updatable="false" sap:sortable="false" sap:filterable="false"/>
                <Property Name="Quality" Type="Edm.Decimal" Nullable="false" Precision="13" Scale="3" sap:unicode="false" sap:label="Order quantity" sap:creatable="false" sap:updatable="false" sap:sortable="false" sap:filterable="false"/>
                <Property Name="Planordernum" Type="Edm.String" MaxLength="10" sap:unicode="false" sap:label="Planned order" sap:creatable="false" sap:updatable="false" sap:sortable="false" sap:filterable="false"/>
                <Property Name="Type" Type="Edm.String" MaxLength="1" sap:unicode="false" sap:label="Message type" sap:creatable="false" sap:updatable="false" sap:sortable="false" sap:filterable="false"/>
                <Property Name="Id" Type="Edm.String" MaxLength="20" sap:unicode="false" sap:label="Message Class" sap:creatable="false" sap:updatable="false" sap:sortable="false" sap:filterable="false"/>
                <Property Name="Number" Type="Edm.String" MaxLength="3" sap:unicode="false" sap:label="Message number" sap:creatable="false" sap:updatable="false" sap:sortable="false" sap:filterable="false"/>
                <Property Name="Message" Type="Edm.String" MaxLength="220" sap:unicode="false" sap:label="Message text" sap:creatable="false" sap:updatable="false" sap:sortable="false" sap:filterable="false"/>
                <Property Name="LogNo" Type="Edm.String" MaxLength="20" sap:unicode="false" sap:label="Log number" sap:creatable="false" sap:updatable="false" sap:sortable="false" sap:filterable="false"/>
                <Property Name="LogMsgNo" Type="Edm.String" MaxLength="6" sap:unicode="false" sap:label="Message no." sap:creatable="false" sap:updatable="false" sap:sortable="false" sap:filterable="false"/>
                <Property Name="MessageV1" Type="Edm.String" MaxLength="50" sap:unicode="false" sap:label="Message Variable" sap:creatable="false" sap:updatable="false" sap:sortable="false" sap:filterable="false"/>
                <Property Name="MessageV2" Type="Edm.String" MaxLength="50" sap:unicode="false" sap:label="Message Variable" sap:creatable="false" sap:updatable="false" sap:sortable="false" sap:filterable="false"/>
                <Property Name="MessageV3" Type="Edm.String" MaxLength="50" sap:unicode="false" sap:label="Message Variable" sap:creatable="false" sap:updatable="false" sap:sortable="false" sap:filterable="false"/>
                <Property Name="MessageV4" Type="Edm.String" MaxLength="50" sap:unicode="false" sap:label="Message Variable" sap:creatable="false" sap:updatable="false" sap:sortable="false" sap:filterable="false"/>
            </EntityType>
            <EntityContainer Name="ZPORTAL_SF_PORTALSS_SRV_Entities" m:IsDefaultEntityContainer="true" sap:supported-formats="atom json xlsx">
                <EntitySet Name="ListSet" EntityType="ZPORTAL_SF_PORTALSS_SRV.List" sap:creatable="false" sap:updatable="false" sap:deletable="false" sap:pageable="false" sap:content-version="1"/>
                <EntitySet Name="CreateSet" EntityType="ZPORTAL_SF_PORTALSS_SRV.Create" sap:creatable="false" sap:updatable="false" sap:deletable="false" sap:pageable="false" sap:content-version="1"/>
            </EntityContainer>
            <atom:link
                xmlns:atom="http://www.w3.org/2005/Atom" rel="self" href="./sap/ZPORTAL_SF_PORTALSS_SRV/$metadata"/>
                <atom:link
                    xmlns:atom="http://www.w3.org/2005/Atom" rel="latest-version" href="./sap/ZPORTAL_SF_PORTALSS_SRV/$metadata"/>
                </Schema>
            </edmx:DataServices>
        </edmx:Edmx>