<edmx:Edmx
    xmlns:edmx="http://schemas.microsoft.com/ado/2007/06/edmx"
    xmlns:m="http://schemas.microsoft.com/ado/2007/08/dataservices/metadata"
    xmlns:sap="http://www.sap.com/Protocols/SAPData" Version="1.0">
    <edmx:DataServices m:DataServiceVersion="2.0">
        <Schema
            xmlns="http://schemas.microsoft.com/ado/2008/09/edm" Namespace="ZPORTALS_QM_PORTAL_SRV" xml:lang="en" sap:schema-version="1">
            <EntityType Name="insplotlist" sap:content-version="1">
                <Key>
                    <PropertyRef Name="Plant"/>
                </Key>
                <Property Name="Plant" Type="Edm.String" Nullable="false" MaxLength="4" sap:unicode="false" sap:label="Plant" sap:creatable="false" sap:updatable="false" sap:sortable="false" sap:filterable="false"/>
                <Property Name="Type" Type="Edm.String" MaxLength="1" sap:unicode="false" sap:label="Message type" sap:creatable="false" sap:updatable="false" sap:sortable="false" sap:filterable="false"/>
                <Property Name="Code" Type="Edm.String" MaxLength="5" sap:unicode="false" sap:label="Message code" sap:creatable="false" sap:updatable="false" sap:sortable="false" sap:filterable="false"/>
                <Property Name="Message" Type="Edm.String" MaxLength="220" sap:unicode="false" sap:label="Message text" sap:creatable="false" sap:updatable="false" sap:sortable="false" sap:filterable="false"/>
                <Property Name="LogNo" Type="Edm.String" MaxLength="20" sap:unicode="false" sap:label="Log number" sap:creatable="false" sap:updatable="false" sap:sortable="false" sap:filterable="false"/>
                <Property Name="LogMsgNo" Type="Edm.String" MaxLength="6" sap:unicode="false" sap:label="Message no." sap:creatable="false" sap:updatable="false" sap:sortable="false" sap:filterable="false"/>
                <Property Name="MessageV1" Type="Edm.String" MaxLength="50" sap:unicode="false" sap:label="Message Variable" sap:creatable="false" sap:updatable="false" sap:sortable="false" sap:filterable="false"/>
                <Property Name="MessageV2" Type="Edm.String" MaxLength="50" sap:unicode="false" sap:label="Message Variable" sap:creatable="false" sap:updatable="false" sap:sortable="false" sap:filterable="false"/>
                <Property Name="MessageV3" Type="Edm.String" MaxLength="50" sap:unicode="false" sap:label="Message Variable" sap:creatable="false" sap:updatable="false" sap:sortable="false" sap:filterable="false"/>
                <Property Name="MessageV4" Type="Edm.String" MaxLength="50" sap:unicode="false" sap:label="Message Variable" sap:creatable="false" sap:updatable="false" sap:sortable="false" sap:filterable="false"/>
                <Property Name="Insplot" Type="Edm.String" MaxLength="12" sap:unicode="false" sap:label="Inspection lot" sap:creatable="false" sap:updatable="false" sap:sortable="false" sap:filterable="false"/>
                <Property Name="Partiallot" Type="Edm.String" MaxLength="1" sap:unicode="false" sap:label="Partial lots" sap:creatable="false" sap:updatable="false" sap:sortable="false" sap:filterable="false"/>
                <Property Name="Insppoints" Type="Edm.String" MaxLength="1" sap:unicode="false" sap:label="Prod. insp." sap:creatable="false" sap:updatable="false" sap:sortable="false" sap:filterable="false"/>
                <Property Name="Skiplot" Type="Edm.String" MaxLength="1" sap:unicode="false" sap:label="Skip" sap:creatable="false" sap:updatable="false" sap:sortable="false" sap:filterable="false"/>
                <Property Name="CreatDat" Type="Edm.DateTime" Precision="7" sap:unicode="false" sap:label="Created on" sap:creatable="false" sap:updatable="false" sap:sortable="false" sap:filterable="false"/>
                <Property Name="OrderNo" Type="Edm.String" MaxLength="12" sap:unicode="false" sap:label="Order" sap:creatable="false" sap:updatable="false" sap:sortable="false" sap:filterable="false"/>
                <Property Name="Customer" Type="Edm.String" MaxLength="10" sap:unicode="false" sap:label="Customer" sap:creatable="false" sap:updatable="false" sap:sortable="false" sap:filterable="false"/>
                <Property Name="Vendor" Type="Edm.String" MaxLength="10" sap:unicode="false" sap:label="Vendor" sap:creatable="false" sap:updatable="false" sap:sortable="false" sap:filterable="false"/>
                <Property Name="Material" Type="Edm.String" MaxLength="18" sap:unicode="false" sap:label="Material No." sap:creatable="false" sap:updatable="false" sap:sortable="false" sap:filterable="false"/>
                <Property Name="Batch" Type="Edm.String" MaxLength="10" sap:unicode="false" sap:label="Batch" sap:creatable="false" sap:updatable="false" sap:sortable="false" sap:filterable="false"/>
                <Property Name="TxtLot" Type="Edm.String" MaxLength="40" sap:unicode="false" sap:label="Short text" sap:creatable="false" sap:updatable="false" sap:sortable="false" sap:filterable="false"/>
                <Property Name="TxtMat" Type="Edm.String" MaxLength="40" sap:unicode="false" sap:label="Mat. descrip." sap:creatable="false" sap:updatable="false" sap:sortable="false" sap:filterable="false"/>
                <Property Name="PoNumber" Type="Edm.String" MaxLength="10" sap:unicode="false" sap:label="Purchasing Doc." sap:creatable="false" sap:updatable="false" sap:sortable="false" sap:filterable="false"/>
                <Property Name="PoItem" Type="Edm.String" MaxLength="5" sap:unicode="false" sap:label="Item" sap:creatable="false" sap:updatable="false" sap:sortable="false" sap:filterable="false"/>
                <Property Name="MatDoc" Type="Edm.String" MaxLength="10" sap:unicode="false" sap:label="Material Doc." sap:creatable="false" sap:updatable="false" sap:sortable="false" sap:filterable="false"/>
                <Property Name="UdCode" Type="Edm.String" MaxLength="4" sap:unicode="false" sap:label="UD code" sap:creatable="false" sap:updatable="false" sap:sortable="false" sap:filterable="false"/>
                <Property Name="UdCodeGroup" Type="Edm.String" MaxLength="8" sap:unicode="false" sap:label="UD code group" sap:creatable="false" sap:updatable="false" sap:sortable="false" sap:filterable="false"/>
            </EntityType>
            <EntityType Name="insplotdetail" sap:content-version="1">
                <Key>
                    <PropertyRef Name="Inspnum"/>
                </Key>
                <Property Name="Inspnum" Type="Edm.String" Nullable="false" MaxLength="12" sap:unicode="false" sap:label="Inspection Lot" sap:creatable="false" sap:updatable="false" sap:sortable="false" sap:filterable="false"/>
                <Property Name="Insplot" Type="Edm.String" MaxLength="12" sap:unicode="false" sap:label="Inspection Lot" sap:creatable="false" sap:updatable="false" sap:sortable="false" sap:filterable="false"/>
                <Property Name="Plant" Type="Edm.String" MaxLength="4" sap:unicode="false" sap:label="Plant" sap:creatable="false" sap:updatable="false" sap:sortable="false" sap:filterable="false"/>
                <Property Name="InspType" Type="Edm.String" MaxLength="8" sap:unicode="false" sap:label="Inspection Type" sap:creatable="false" sap:updatable="false" sap:sortable="false" sap:filterable="false"/>
                <Property Name="InsplotOrigin" Type="Edm.String" MaxLength="2" sap:unicode="false" sap:label="Insp.lot origin" sap:creatable="false" sap:updatable="false" sap:sortable="false" sap:filterable="false"/>
                <Property Name="ObjectNo" Type="Edm.String" MaxLength="22" sap:unicode="false" sap:label="Object number" sap:creatable="false" sap:updatable="false" sap:sortable="false" sap:filterable="false"/>
                <Property Name="StatProf" Type="Edm.String" MaxLength="8" sap:unicode="false" sap:label="Status Profile" sap:creatable="false" sap:updatable="false" sap:sortable="false" sap:filterable="false"/>
                <Property Name="QmAuthgrp" Type="Edm.String" MaxLength="6" sap:unicode="false" sap:label="QM mat. auth." sap:creatable="false" sap:updatable="false" sap:sortable="false" sap:filterable="false"/>
                <Property Name="IndInsplotCreatedAutomatic" Type="Edm.String" MaxLength="1" sap:unicode="false" sap:label="Lot created" sap:creatable="false" sap:updatable="false" sap:sortable="false" sap:filterable="false"/>
                <Property Name="IndPartiallotsExist" Type="Edm.String" MaxLength="1" sap:unicode="false" sap:label="Partial lots" sap:creatable="false" sap:updatable="false" sap:sortable="false" sap:filterable="false"/>
                <Property Name="IndDatarecordModified" Type="Edm.String" MaxLength="1" sap:unicode="false" sap:label="Ind. modified" sap:creatable="false" sap:updatable="false" sap:sortable="false" sap:filterable="false"/>
                <Property Name="IndInsppoints" Type="Edm.String" MaxLength="1" sap:unicode="false" sap:label="Prod. insp." sap:creatable="false" sap:updatable="false" sap:sortable="false" sap:filterable="false"/>
                <Property Name="IndAutomaticUd" Type="Edm.String" MaxLength="1" sap:unicode="false" sap:label="Auto UD" sap:creatable="false" sap:updatable="false" sap:sortable="false" sap:filterable="false"/>
                <Property Name="IndSourceInspection" Type="Edm.String" MaxLength="1" sap:unicode="false" sap:label="Source insp." sap:creatable="false" sap:updatable="false" sap:sortable="false" sap:filterable="false"/>
                <Property Name="IndSpecConfig" Type="Edm.String" MaxLength="1" sap:unicode="false" sap:label="Configuration" sap:creatable="false" sap:updatable="false" sap:sortable="false" sap:filterable="false"/>
                <Property Name="IndSpecBatch" Type="Edm.String" MaxLength="1" sap:unicode="false" sap:label="Batch determtn" sap:creatable="false" sap:updatable="false" sap:sortable="false" sap:filterable="false"/>
                <Property Name="IndDocuRequired" Type="Edm.String" MaxLength="1" sap:unicode="false" sap:label="Docu. required" sap:creatable="false" sap:updatable="false" sap:sortable="false" sap:filterable="false"/>
                <Property Name="IndTaskListRequired" Type="Edm.String" MaxLength="1" sap:unicode="false" sap:label="Insp.plan reqd" sap:creatable="false" sap:updatable="false" sap:sortable="false" sap:filterable="false"/>
                <Property Name="IndManualSample" Type="Edm.String" MaxLength="1" sap:unicode="false" sap:label="Manual sample" sap:creatable="false" sap:updatable="false" sap:sortable="false" sap:filterable="false"/>
                <Property Name="IndSpecMatspec" Type="Edm.String" MaxLength="1" sap:unicode="false" sap:label="Insp. with spec." sap:creatable="false" sap:updatable="false" sap:sortable="false" sap:filterable="false"/>
                <Property Name="IndInsplotApproval" Type="Edm.String" MaxLength="1" sap:unicode="false" sap:label="ApprovalInspLot" sap:creatable="false" sap:updatable="false" sap:sortable="false" sap:filterable="false"/>
                <Property Name="IndDigSignResultsRec" Type="Edm.String" MaxLength="1" sap:unicode="false" sap:label="Dig.Sign.RR" sap:creatable="false" sap:updatable="false" sap:sortable="false" sap:filterable="false"/>
                <Property Name="IndDigSignUsageDecision" Type="Edm.String" MaxLength="1" sap:unicode="false" sap:label="Dig.sign UD" sap:creatable="false" sap:updatable="false" sap:sortable="false" sap:filterable="false"/>
                <Property Name="IndDigSignSampleDrawing" Type="Edm.String" MaxLength="1" sap:unicode="false" sap:label="DigSig PhySmpDw" sap:creatable="false" sap:updatable="false" sap:sortable="false" sap:filterable="false"/>
                <Property Name="IndBatchRecordRequired" Type="Edm.Boolean" sap:unicode="false" sap:label="Batch rec. req." sap:creatable="false" sap:updatable="false" sap:sortable="false" sap:filterable="false"/>
                <Property Name="IndManSampleCalculation" Type="Edm.String" MaxLength="1" sap:unicode="false" sap:label="Man. smplCalc." sap:creatable="false" sap:updatable="false" sap:sortable="false" sap:filterable="false"/>
                <Property Name="IndDynModifMaterial" Type="Edm.String" MaxLength="1" sap:unicode="false" sap:label="Dyn. material" sap:creatable="false" sap:updatable="false" sap:sortable="false" sap:filterable="false"/>
                <Property Name="IndDynModifVendor" Type="Edm.String" MaxLength="1" sap:unicode="false" sap:label="Dyn. vendor" sap:creatable="false" sap:updatable="false" sap:sortable="false" sap:filterable="false"/>
                <Property Name="IndDynModifManufac" Type="Edm.String" MaxLength="1" sap:unicode="false" sap:label="Dyn. manufact." sap:creatable="false" sap:updatable="false" sap:sortable="false" sap:filterable="false"/>
                <Property Name="IndDynModifCustomer" Type="Edm.String" MaxLength="1" sap:unicode="false" sap:label="Dyn. customer" sap:creatable="false" sap:updatable="false" sap:sortable="false" sap:filterable="false"/>
                <Property Name="IndSkipsAllowed" Type="Edm.String" MaxLength="1" sap:unicode="false" sap:label="Skips allowed" sap:creatable="false" sap:updatable="false" sap:sortable="false" sap:filterable="false"/>
                <Property Name="Ind100PercentInspection" Type="Edm.String" MaxLength="1" sap:unicode="false" sap:label="100% inspection" sap:creatable="false" sap:updatable="false" sap:sortable="false" sap:filterable="false"/>
                <Property Name="IndSingleUnitsPossible" Type="Edm.String" MaxLength="1" sap:unicode="false" sap:label="Serial numbers" sap:creatable="false" sap:updatable="false" sap:sortable="false" sap:filterable="false"/>
                <Property Name="SernoProf" Type="Edm.String" MaxLength="4" sap:unicode="false" sap:label="SerialNoProfile" sap:creatable="false" sap:updatable="false" sap:sortable="false" sap:filterable="false"/>
                <Property Name="NoOfSerialNumbers" Type="Edm.Int32" sap:unicode="false" sap:label="No.serial no." sap:creatable="false" sap:updatable="false" sap:sortable="false" sap:filterable="false"/>
                <Property Name="IndUnitsExtNumbering" Type="Edm.String" MaxLength="1" sap:unicode="false" sap:label="Ext.numbering" sap:creatable="false" sap:updatable="false" sap:sortable="false" sap:filterable="false"/>
                <Property Name="DynModifLevel" Type="Edm.String" MaxLength="1" sap:unicode="false" sap:label="Dyn. mod. level" sap:creatable="false" sap:updatable="false" sap:sortable="false" sap:filterable="false"/>
                <Property Name="SamplingProcedure" Type="Edm.String" MaxLength="8" sap:unicode="false" sap:label="Smpl.procedure" sap:creatable="false" sap:updatable="false" sap:sortable="false" sap:filterable="false"/>
                <Property Name="DynModifRule" Type="Edm.String" MaxLength="3" sap:unicode="false" sap:label="Dyn. mod. rule" sap:creatable="false" sap:updatable="false" sap:sortable="false" sap:filterable="false"/>
                <Property Name="DynModifMoment" Type="Edm.String" MaxLength="1" sap:unicode="false" sap:label="Time DynModif." sap:creatable="false" sap:updatable="false" sap:sortable="false" sap:filterable="false"/>
                <Property Name="InspectionStage" Type="Edm.String" MaxLength="4" sap:unicode="false" sap:label="Insp. stage" sap:creatable="false" sap:updatable="false" sap:sortable="false" sap:filterable="false"/>
                <Property Name="InspectionSeverity" Type="Edm.String" MaxLength="3" sap:unicode="false" sap:label="Insp. severity" sap:creatable="false" sap:updatable="false" sap:sortable="false" sap:filterable="false"/>
                <Property Name="OriginatedOnDate" Type="Edm.DateTime" Precision="7" sap:unicode="false" sap:label="Lot created" sap:creatable="false" sap:updatable="false" sap:sortable="false" sap:filterable="false"/>
                <Property Name="OriginatedAtTime" Type="Edm.Time" Precision="0" sap:unicode="false" sap:label="Time" sap:creatable="false" sap:updatable="false" sap:sortable="false" sap:filterable="false"/>
                <Property Name="CreatedByUser" Type="Edm.String" MaxLength="12" sap:unicode="false" sap:label="Created by" sap:creatable="false" sap:updatable="false" sap:sortable="false" sap:filterable="false"/>
                <Property Name="CreatedOnDate" Type="Edm.DateTime" Precision="7" sap:unicode="false" sap:label="Created on" sap:creatable="false" sap:updatable="false" sap:sortable="false" sap:filterable="false"/>
                <Property Name="CreatedAtTime" Type="Edm.Time" Precision="0" sap:unicode="false" sap:label="Time" sap:creatable="false" sap:updatable="false" sap:sortable="false" sap:filterable="false"/>
                <Property Name="ChangedByUser" Type="Edm.String" MaxLength="12" sap:unicode="false" sap:label="Changed by" sap:creatable="false" sap:updatable="false" sap:sortable="false" sap:filterable="false"/>
                <Property Name="ChangedOnDate" Type="Edm.DateTime" Precision="7" sap:unicode="false" sap:label="Changed on" sap:creatable="false" sap:updatable="false" sap:sortable="false" sap:filterable="false"/>
                <Property Name="ChangedAtTime" Type="Edm.Time" Precision="0" sap:unicode="false" sap:label="Time" sap:creatable="false" sap:updatable="false" sap:sortable="false" sap:filterable="false"/>
                <Property Name="InspectionStartsOnDate" Type="Edm.DateTime" Precision="7" sap:unicode="false" sap:label="Start date" sap:creatable="false" sap:updatable="false" sap:sortable="false" sap:filterable="false"/>
                <Property Name="InspectionStartsAtTime" Type="Edm.Time" Precision="0" sap:unicode="false" sap:label="Time" sap:creatable="false" sap:updatable="false" sap:sortable="false" sap:filterable="false"/>
                <Property Name="InspectionEndsOnDate" Type="Edm.DateTime" Precision="7" sap:unicode="false" sap:label="Insp. End Date" sap:creatable="false" sap:updatable="false" sap:sortable="false" sap:filterable="false"/>
                <Property Name="InspectionEndsAtTime" Type="Edm.Time" Precision="0" sap:unicode="false" sap:label="Time" sap:creatable="false" sap:updatable="false" sap:sortable="false" sap:filterable="false"/>
                <Property Name="InsppointDescriptionKey" Type="Edm.String" MaxLength="3" sap:unicode="false" sap:label="Field combinat." sap:creatable="false" sap:updatable="false" sap:sortable="false" sap:filterable="false"/>
                <Property Name="InsppointType" Type="Edm.String" MaxLength="1" sap:unicode="false" sap:label="InspPt type" sap:creatable="false" sap:updatable="false" sap:sortable="false" sap:filterable="false"/>
                <Property Name="InsppointPartiallotAssgnmt" Type="Edm.String" MaxLength="1" sap:unicode="false" sap:label="PL assignment" sap:creatable="false" sap:updatable="false" sap:sortable="false" sap:filterable="false"/>
                <Property Name="SampleDrawingProcedure" Type="Edm.String" MaxLength="8" sap:unicode="false" sap:label="Drawing proc." sap:creatable="false" sap:updatable="false" sap:sortable="false" sap:filterable="false"/>
                <Property Name="SampleDrawingProcVersion" Type="Edm.String" MaxLength="6" sap:unicode="false" sap:label="Version" sap:creatable="false" sap:updatable="false" sap:sortable="false" sap:filterable="false"/>
                <Property Name="IndPhysSampleConfirmReqd" Type="Edm.String" MaxLength="1" sap:unicode="false" sap:label="Confirmation" sap:creatable="false" sap:updatable="false" sap:sortable="false" sap:filterable="false"/>
                <Property Name="Orderid" Type="Edm.String" MaxLength="12" sap:unicode="false" sap:label="Order" sap:creatable="false" sap:updatable="false" sap:sortable="false" sap:filterable="false"/>
                <Property Name="RunschdHd" Type="Edm.String" MaxLength="12" sap:unicode="false" sap:label="RS header" sap:creatable="false" sap:updatable="false" sap:sortable="false" sap:filterable="false"/>
                <Property Name="Customer" Type="Edm.String" MaxLength="10" sap:unicode="false" sap:label="Customer" sap:creatable="false" sap:updatable="false" sap:sortable="false" sap:filterable="false"/>
                <Property Name="Vendor" Type="Edm.String" MaxLength="10" sap:unicode="false" sap:label="Vendor" sap:creatable="false" sap:updatable="false" sap:sortable="false" sap:filterable="false"/>
                <Property Name="Manufacturer" Type="Edm.String" MaxLength="10" sap:unicode="false" sap:label="Manufacturer" sap:creatable="false" sap:updatable="false" sap:sortable="false" sap:filterable="false"/>
                <Property Name="IndMatpartnoMgntActive" Type="Edm.String" MaxLength="1" sap:unicode="false" sap:label="MPN active" sap:creatable="false" sap:updatable="false" sap:sortable="false" sap:filterable="false"/>
                <Property Name="MpnMaterial" Type="Edm.String" MaxLength="18" sap:unicode="false" sap:label="MPN Material" sap:creatable="false" sap:updatable="false" sap:sortable="false" sap:filterable="false"/>
                <Property Name="Material" Type="Edm.String" MaxLength="18" sap:unicode="false" sap:label="Material No." sap:creatable="false" sap:updatable="false" sap:sortable="false" sap:filterable="false"/>
                <Property Name="RevLev" Type="Edm.String" MaxLength="2" sap:unicode="false" sap:label="Revision Level" sap:creatable="false" sap:updatable="false" sap:sortable="false" sap:filterable="false"/>
                <Property Name="IndBatchMgnt" Type="Edm.Boolean" sap:unicode="false" sap:label="BatchManagement" sap:creatable="false" sap:updatable="false" sap:sortable="false" sap:filterable="false"/>
                <Property Name="Batch" Type="Edm.String" MaxLength="10" sap:unicode="false" sap:label="Batch" sap:creatable="false" sap:updatable="false" sap:sortable="false" sap:filterable="false"/>
                <Property Name="BatchStgeLoc" Type="Edm.String" MaxLength="4" sap:unicode="false" sap:label="Stor. Location" sap:creatable="false" sap:updatable="false" sap:sortable="false" sap:filterable="false"/>
                <Property Name="PurchOrg" Type="Edm.String" MaxLength="4" sap:unicode="false" sap:label="Purchasing Org." sap:creatable="false" sap:updatable="false" sap:sortable="false" sap:filterable="false"/>
                <Property Name="PoNumber" Type="Edm.String" MaxLength="10" sap:unicode="false" sap:label="Purchasing Doc." sap:creatable="false" sap:updatable="false" sap:sortable="false" sap:filterable="false"/>
                <Property Name="PoItem" Type="Edm.String" MaxLength="5" sap:unicode="false" sap:label="Item" sap:creatable="false" sap:updatable="false" sap:sortable="false" sap:filterable="false"/>
                <Property Name="DelivNoteSalesOrd" Type="Edm.String" MaxLength="10" sap:unicode="false" sap:label="Sales Order" sap:creatable="false" sap:updatable="false" sap:sortable="false" sap:filterable="false"/>
                <Property Name="DelivNoteSOrdItem" Type="Edm.String" MaxLength="6" sap:unicode="false" sap:label="Sales Ord. Item" sap:creatable="false" sap:updatable="false" sap:sortable="false" sap:filterable="false"/>
                <Property Name="DelivNoteDelivNumb" Type="Edm.String" MaxLength="10" sap:unicode="false" sap:label="Delivery" sap:creatable="false" sap:updatable="false" sap:sortable="false" sap:filterable="false"/>
                <Property Name="DelivNoteDelivItem" Type="Edm.String" MaxLength="6" sap:unicode="false" sap:label="Item" sap:creatable="false" sap:updatable="false" sap:sortable="false" sap:filterable="false"/>
                <Property Name="DelivNoteDelivCategory" Type="Edm.String" MaxLength="3" sap:unicode="false" sap:label="Delivery cat." sap:creatable="false" sap:updatable="false" sap:sortable="false" sap:filterable="false"/>
                <Property Name="DelivNoteRoute" Type="Edm.String" MaxLength="6" sap:unicode="false" sap:label="Route" sap:creatable="false" sap:updatable="false" sap:sortable="false" sap:filterable="false"/>
                <Property Name="DelivNoteDestCountry" Type="Edm.String" MaxLength="3" sap:unicode="false" sap:label="Dest. Country" sap:creatable="false" sap:updatable="false" sap:sortable="false" sap:filterable="false"/>
                <Property Name="DelivNoteDestCountryIso" Type="Edm.String" MaxLength="2" sap:unicode="false" sap:label="ISO code" sap:creatable="false" sap:updatable="false" sap:sortable="false" sap:filterable="false"/>
                <Property Name="DelivNoteSoldTo" Type="Edm.String" MaxLength="10" sap:unicode="false" sap:label="Sold-to party" sap:creatable="false" sap:updatable="false" sap:sortable="false" sap:filterable="false"/>
                <Property Name="DelivNoteSalesorg" Type="Edm.String" MaxLength="4" sap:unicode="false" sap:label="Sales Org." sap:creatable="false" sap:updatable="false" sap:sortable="false" sap:filterable="false"/>
                <Property Name="DelivNoteCustMaterial" Type="Edm.String" MaxLength="35" sap:unicode="false" sap:label="Cust.material" sap:creatable="false" sap:updatable="false" sap:sortable="false" sap:filterable="false"/>
                <Property Name="Langu" Type="Edm.String" MaxLength="2" sap:unicode="false" sap:label="Language" sap:creatable="false" sap:updatable="false" sap:sortable="false" sap:filterable="false"/>
                <Property Name="LanguIso" Type="Edm.String" MaxLength="2" sap:unicode="false" sap:label="Lang. (ISO)" sap:creatable="false" sap:updatable="false" sap:sortable="false" sap:filterable="false"/>
                <Property Name="ShortText" Type="Edm.String" MaxLength="40" sap:unicode="false" sap:label="Short text" sap:creatable="false" sap:updatable="false" sap:sortable="false" sap:filterable="false"/>
                <Property Name="IndInsplotLongText" Type="Edm.String" MaxLength="1" sap:unicode="false" sap:label="Long text" sap:creatable="false" sap:updatable="false" sap:sortable="false" sap:filterable="false"/>
                <Property Name="TxtInspObject" Type="Edm.String" MaxLength="40" sap:unicode="false" sap:label="Obj short text" sap:creatable="false" sap:updatable="false" sap:sortable="false" sap:filterable="false"/>
                <Property Name="NoOfAdditionalInspchar" Type="Edm.Int16" sap:unicode="false" sap:label="Char. recorded" sap:creatable="false" sap:updatable="false" sap:sortable="false" sap:filterable="false"/>
                <Property Name="NoOfOpenShorttermInspchar" Type="Edm.Int16" sap:unicode="false" sap:label="Short-term char" sap:creatable="false" sap:updatable="false" sap:sortable="false" sap:filterable="false"/>
                <Property Name="NoOfOpenLongtermInspchar" Type="Edm.Int16" sap:unicode="false" sap:label="Long-term char." sap:creatable="false" sap:updatable="false" sap:sortable="false" sap:filterable="false"/>
                <Property Name="InsplotSize" Type="Edm.Decimal" Precision="13" Scale="3" sap:unicode="false" sap:label="Insp. Lot Qty" sap:creatable="false" sap:updatable="false" sap:sortable="false" sap:filterable="false"/>
                <Property Name="InsplotBaseUom" Type="Edm.String" MaxLength="3" sap:unicode="false" sap:label="Base unit" sap:creatable="false" sap:updatable="false" sap:sortable="false" sap:filterable="false" sap:semantics="unit-of-measure"/>
                <Property Name="InsplotBaseUomIso" Type="Edm.String" MaxLength="3" sap:unicode="false" sap:label="ISO code" sap:creatable="false" sap:updatable="false" sap:sortable="false" sap:filterable="false"/>
                <Property Name="NoOfContainers" Type="Edm.Decimal" Precision="6" Scale="3" sap:unicode="false" sap:label="No. Containers" sap:creatable="false" sap:updatable="false" sap:sortable="false" sap:filterable="false"/>
                <Property Name="InsplotContainerUom" Type="Edm.String" MaxLength="3" sap:unicode="false" sap:label="Lot container" sap:creatable="false" sap:updatable="false" sap:sortable="false" sap:filterable="false" sap:semantics="unit-of-measure"/>
                <Property Name="InsplotContainerUomIso" Type="Edm.String" MaxLength="3" sap:unicode="false" sap:label="ISO code" sap:creatable="false" sap:updatable="false" sap:sortable="false" sap:filterable="false"/>
                <Property Name="SampleSize" Type="Edm.Decimal" Precision="13" Scale="3" sap:unicode="false" sap:label="Sample size" sap:creatable="false" sap:updatable="false" sap:sortable="false" sap:filterable="false"/>
                <Property Name="SampleBaseUom" Type="Edm.String" MaxLength="3" sap:unicode="false" sap:label="Sample UOM" sap:creatable="false" sap:updatable="false" sap:sortable="false" sap:filterable="false" sap:semantics="unit-of-measure"/>
                <Property Name="SampleBaseUomIso" Type="Edm.String" MaxLength="3" sap:unicode="false" sap:label="ISO code" sap:creatable="false" sap:updatable="false" sap:sortable="false" sap:filterable="false"/>
                <Property Name="SampleQtyLongtermInspchar" Type="Edm.Decimal" Precision="13" Scale="3" sap:unicode="false" sap:label="Long-term qty" sap:creatable="false" sap:updatable="false" sap:sortable="false" sap:filterable="false"/>
                <Property Name="SampleQtyActuallyInspected" Type="Edm.Decimal" Precision="13" Scale="3" sap:unicode="false" sap:label="Inspected qty" sap:creatable="false" sap:updatable="false" sap:sortable="false" sap:filterable="false"/>
                <Property Name="SampleQtyDestroyed" Type="Edm.Decimal" Precision="13" Scale="3" sap:unicode="false" sap:label="Destroyed qty" sap:creatable="false" sap:updatable="false" sap:sortable="false" sap:filterable="false"/>
                <Property Name="SampleQtyDefective" Type="Edm.Decimal" Precision="13" Scale="3" sap:unicode="false" sap:label="Defective qty" sap:creatable="false" sap:updatable="false" sap:sortable="false" sap:filterable="false"/>
                <Property Name="IndUdLogs" Type="Edm.String" MaxLength="1" sap:unicode="false" sap:label="Logs" sap:creatable="false" sap:updatable="false" sap:sortable="false" sap:filterable="false"/>
                <Property Name="InsplotFractionNonconforming" Type="Edm.Double" sap:unicode="false" sap:label="Share of scrap" sap:creatable="false" sap:updatable="false" sap:sortable="false" sap:filterable="false"/>
                <Property Name="QualScoreProcedure" Type="Edm.String" MaxLength="2" sap:unicode="false" sap:label="Q-Score Proc." sap:creatable="false" sap:updatable="false" sap:sortable="false" sap:filterable="false"/>
                <Property Name="AllowedFractionNonconforming" Type="Edm.Double" sap:unicode="false" sap:label="Allowed scrap %" sap:creatable="false" sap:updatable="false" sap:sortable="false" sap:filterable="false"/>
                <Property Name="RefInsplot" Type="Edm.String" MaxLength="12" sap:unicode="false" sap:label="Ref. insp. lot" sap:creatable="false" sap:updatable="false" sap:sortable="false" sap:filterable="false"/>
                <Property Name="Version" Type="Edm.String" MaxLength="4" sap:unicode="false" sap:label="Prod. Version" sap:creatable="false" sap:updatable="false" sap:sortable="false" sap:filterable="false"/>
                <Property Name="SchedLine" Type="Edm.String" MaxLength="4" sap:unicode="false" sap:label="Schedule Line" sap:creatable="false" sap:updatable="false" sap:sortable="false" sap:filterable="false"/>
                <Property Name="MaterialExternal" Type="Edm.String" MaxLength="40" sap:unicode="false" sap:label="Material Number" sap:creatable="false" sap:updatable="false" sap:sortable="false" sap:filterable="false"/>
                <Property Name="MaterialGuid" Type="Edm.String" MaxLength="32" sap:unicode="false" sap:label="GUID (External)" sap:creatable="false" sap:updatable="false" sap:sortable="false" sap:filterable="false"/>
                <Property Name="MaterialVersion" Type="Edm.String" MaxLength="10" sap:unicode="false" sap:label="Version Number" sap:creatable="false" sap:updatable="false" sap:sortable="false" sap:filterable="false"/>
                <Property Name="MpnMaterialExternal" Type="Edm.String" MaxLength="40" sap:unicode="false" sap:label="Material Number" sap:creatable="false" sap:updatable="false" sap:sortable="false" sap:filterable="false"/>
                <Property Name="MpnMaterialGuid" Type="Edm.String" MaxLength="32" sap:unicode="false" sap:label="GUID (External)" sap:creatable="false" sap:updatable="false" sap:sortable="false" sap:filterable="false"/>
                <Property Name="MpnMaterialVersion" Type="Edm.String" MaxLength="10" sap:unicode="false" sap:label="Version Number" sap:creatable="false" sap:updatable="false" sap:sortable="false" sap:filterable="false"/>
                <Property Name="Type" Type="Edm.String" MaxLength="1" sap:unicode="false" sap:label="Message type" sap:creatable="false" sap:updatable="false" sap:sortable="false" sap:filterable="false"/>
                <Property Name="Id" Type="Edm.String" MaxLength="20" sap:unicode="false" sap:label="Message Class" sap:creatable="false" sap:updatable="false" sap:sortable="false" sap:filterable="false"/>
                <Property Name="Number" Type="Edm.String" MaxLength="3" sap:unicode="false" sap:label="Message number" sap:creatable="false" sap:updatable="false" sap:sortable="false" sap:filterable="false"/>
                <Property Name="Message" Type="Edm.String" MaxLength="220" sap:unicode="false" sap:label="Message text" sap:creatable="false" sap:updatable="false" sap:sortable="false" sap:filterable="false"/>
                <Property Name="LogNo" Type="Edm.String" MaxLength="20" sap:unicode="false" sap:label="Log number" sap:creatable="false" sap:updatable="false" sap:sortable="false" sap:filterable="false"/>
                <Property Name="LogMsgNo" Type="Edm.String" MaxLength="6" sap:unicode="false" sap:label="Message no." sap:creatable="false" sap:updatable="false" sap:sortable="false" sap:filterable="false"/>
                <Property Name="MessageV1" Type="Edm.String" MaxLength="50" sap:unicode="false" sap:label="Message Variable" sap:creatable="false" sap:updatable="false" sap:sortable="false" sap:filterable="false"/>
                <Property Name="MessageV2" Type="Edm.String" MaxLength="50" sap:unicode="false" sap:label="Message Variable" sap:creatable="false" sap:updatable="false" sap:sortable="false" sap:filterable="false"/>
                <Property Name="MessageV3" Type="Edm.String" MaxLength="50" sap:unicode="false" sap:label="Message Variable" sap:creatable="false" sap:updatable="false" sap:sortable="false" sap:filterable="false"/>
                <Property Name="MessageV4" Type="Edm.String" MaxLength="50" sap:unicode="false" sap:label="Message Variable" sap:creatable="false" sap:updatable="false" sap:sortable="false" sap:filterable="false"/>
                <Property Name="IndGrBlocked" Type="Edm.String" MaxLength="1" sap:unicode="false" sap:label="GR blocked stck" sap:creatable="false" sap:updatable="false" sap:sortable="false" sap:filterable="false"/>
                <Property Name="IndQualInspection" Type="Edm.String" MaxLength="1" sap:unicode="false" sap:label="Insp. stock" sap:creatable="false" sap:updatable="false" sap:sortable="false" sap:filterable="false"/>
                <Property Name="StockPlant" Type="Edm.String" MaxLength="4" sap:unicode="false" sap:label="Plant for stock" sap:creatable="false" sap:updatable="false" sap:sortable="false" sap:filterable="false"/>
                <Property Name="StockStgeLoc" Type="Edm.String" MaxLength="4" sap:unicode="false" sap:label="StLoc.ILotStock" sap:creatable="false" sap:updatable="false" sap:sortable="false" sap:filterable="false"/>
                <Property Name="SpecStock" Type="Edm.String" MaxLength="1" sap:unicode="false" sap:label="Special Stock" sap:creatable="false" sap:updatable="false" sap:sortable="false" sap:filterable="false"/>
                <Property Name="WbsElem" Type="Edm.String" MaxLength="24" sap:unicode="false" sap:label="WBS Element" sap:creatable="false" sap:updatable="false" sap:sortable="false" sap:filterable="false"/>
                <Property Name="WbsElementExt" Type="Edm.String" MaxLength="24" sap:unicode="false" sap:label="WBS Element" sap:creatable="false" sap:updatable="false" sap:sortable="false" sap:filterable="false"/>
                <Property Name="SalesOrd" Type="Edm.String" MaxLength="10" sap:unicode="false" sap:label="Sales Order" sap:creatable="false" sap:updatable="false" sap:sortable="false" sap:filterable="false"/>
                <Property Name="SOrdItem" Type="Edm.String" MaxLength="6" sap:unicode="false" sap:label="Sales ord. item" sap:creatable="false" sap:updatable="false" sap:sortable="false" sap:filterable="false"/>
                <Property Name="SampleWhseSize" Type="Edm.Decimal" Precision="13" Scale="3" sap:unicode="false" sap:label="In.samp.(StkUn)" sap:creatable="false" sap:updatable="false" sap:sortable="false" sap:filterable="false"/>
                <Property Name="SampleWhseNo" Type="Edm.String" MaxLength="3" sap:unicode="false" sap:label="Warehouse No." sap:creatable="false" sap:updatable="false" sap:sortable="false" sap:filterable="false"/>
                <Property Name="SampleStgeType" Type="Edm.String" MaxLength="3" sap:unicode="false" sap:label="Storage Type" sap:creatable="false" sap:updatable="false" sap:sortable="false" sap:filterable="false"/>
                <Property Name="SampleStgeBin" Type="Edm.String" MaxLength="10" sap:unicode="false" sap:label="Storage Bin" sap:creatable="false" sap:updatable="false" sap:sortable="false" sap:filterable="false"/>
                <Property Name="QuantityUom" Type="Edm.String" MaxLength="3" sap:unicode="false" sap:label="Base unit" sap:creatable="false" sap:updatable="false" sap:sortable="false" sap:filterable="false" sap:semantics="unit-of-measure"/>
                <Property Name="QuantityUomIso" Type="Edm.String" MaxLength="3" sap:unicode="false" sap:label="ISO code" sap:creatable="false" sap:updatable="false" sap:sortable="false" sap:filterable="false"/>
                <Property Name="QuantityAvailable" Type="Edm.Decimal" Precision="13" Scale="3" sap:unicode="false" sap:label="Unrestr. Stck" sap:creatable="false" sap:updatable="false" sap:sortable="false" sap:filterable="false"/>
                <Property Name="QuantityScrap" Type="Edm.Decimal" Precision="13" Scale="3" sap:unicode="false" sap:label="Scrap quantity" sap:creatable="false" sap:updatable="false" sap:sortable="false" sap:filterable="false"/>
                <Property Name="QuantitySample" Type="Edm.Decimal" Precision="13" Scale="3" sap:unicode="false" sap:label="Sample" sap:creatable="false" sap:updatable="false" sap:sortable="false" sap:filterable="false"/>
                <Property Name="QuantityBlocked" Type="Edm.Decimal" Precision="13" Scale="3" sap:unicode="false" sap:label="Blocked" sap:creatable="false" sap:updatable="false" sap:sortable="false" sap:filterable="false"/>
                <Property Name="QuantityReserves" Type="Edm.Decimal" Precision="13" Scale="3" sap:unicode="false" sap:label="Reserves" sap:creatable="false" sap:updatable="false" sap:sortable="false" sap:filterable="false"/>
                <Property Name="QuantityNewMaterial" Type="Edm.Decimal" Precision="13" Scale="3" sap:unicode="false" sap:label="New material" sap:creatable="false" sap:updatable="false" sap:sortable="false" sap:filterable="false"/>
                <Property Name="NewMaterial" Type="Edm.String" MaxLength="18" sap:unicode="false" sap:label="Material" sap:creatable="false" sap:updatable="false" sap:sortable="false" sap:filterable="false"/>
                <Property Name="NewBatch" Type="Edm.String" MaxLength="10" sap:unicode="false" sap:label="Batch" sap:creatable="false" sap:updatable="false" sap:sortable="false" sap:filterable="false"/>
                <Property Name="QuantityReturnedToVendor" Type="Edm.Decimal" Precision="13" Scale="3" sap:unicode="false" sap:label="Return to vend." sap:creatable="false" sap:updatable="false" sap:sortable="false" sap:filterable="false"/>
                <Property Name="QuantityOther" Type="Edm.Decimal" Precision="13" Scale="3" sap:unicode="false" sap:label="Other quantity" sap:creatable="false" sap:updatable="false" sap:sortable="false" sap:filterable="false"/>
                <Property Name="QuantityToBePosted" Type="Edm.Decimal" Precision="13" Scale="3" sap:unicode="false" sap:label="Postings" sap:creatable="false" sap:updatable="false" sap:sortable="false" sap:filterable="false"/>
                <Property Name="QuantityActual" Type="Edm.Decimal" Precision="13" Scale="3" sap:unicode="false" sap:label="Actual lot qty" sap:creatable="false" sap:updatable="false" sap:sortable="false" sap:filterable="false"/>
                <Property Name="NewMaterialExternal" Type="Edm.String" MaxLength="40" sap:unicode="false" sap:label="Material Number" sap:creatable="false" sap:updatable="false" sap:sortable="false" sap:filterable="false"/>
                <Property Name="NewMaterialGuid" Type="Edm.String" MaxLength="32" sap:unicode="false" sap:label="GUID (External)" sap:creatable="false" sap:updatable="false" sap:sortable="false" sap:filterable="false"/>
                <Property Name="NewMaterialVersion" Type="Edm.String" MaxLength="10" sap:unicode="false" sap:label="Version Number" sap:creatable="false" sap:updatable="false" sap:sortable="false" sap:filterable="false"/>
                <Property Name="TaskListType" Type="Edm.String" MaxLength="1" sap:unicode="false" sap:label="Task List Type" sap:creatable="false" sap:updatable="false" sap:sortable="false" sap:filterable="false"/>
                <Property Name="TaskListNumber" Type="Edm.String" MaxLength="8" sap:unicode="false" sap:label="Group" sap:creatable="false" sap:updatable="false" sap:sortable="false" sap:filterable="false"/>
                <Property Name="TaskListUsage" Type="Edm.String" MaxLength="3" sap:unicode="false" sap:label="Usage" sap:creatable="false" sap:updatable="false" sap:sortable="false" sap:filterable="false"/>
                <Property Name="TaskListCounter" Type="Edm.String" MaxLength="2" sap:unicode="false" sap:label="Group Counter" sap:creatable="false" sap:updatable="false" sap:sortable="false" sap:filterable="false"/>
                <Property Name="TaskListValidFromDate" Type="Edm.DateTime" Precision="7" sap:unicode="false" sap:label="Valid From" sap:creatable="false" sap:updatable="false" sap:sortable="false" sap:filterable="false"/>
                <Property Name="MatTlAssgnmtValidFromDate" Type="Edm.DateTime" Precision="7" sap:unicode="false" sap:label="Valid From" sap:creatable="false" sap:updatable="false" sap:sortable="false" sap:filterable="false"/>
                <Property Name="SpecSelMaterial" Type="Edm.String" MaxLength="18" sap:unicode="false" sap:label="Material No." sap:creatable="false" sap:updatable="false" sap:sortable="false" sap:filterable="false"/>
                <Property Name="SpecSelRevLev" Type="Edm.String" MaxLength="2" sap:unicode="false" sap:label="Revision Level" sap:creatable="false" sap:updatable="false" sap:sortable="false" sap:filterable="false"/>
                <Property Name="SpecSelPlant" Type="Edm.String" MaxLength="4" sap:unicode="false" sap:label="Plant" sap:creatable="false" sap:updatable="false" sap:sortable="false" sap:filterable="false"/>
                <Property Name="SpecSelVendor" Type="Edm.String" MaxLength="10" sap:unicode="false" sap:label="Vendor" sap:creatable="false" sap:updatable="false" sap:sortable="false" sap:filterable="false"/>
                <Property Name="SpecSelManufacturer" Type="Edm.String" MaxLength="10" sap:unicode="false" sap:label="Manufacturer" sap:creatable="false" sap:updatable="false" sap:sortable="false" sap:filterable="false"/>
                <Property Name="SpecSelCustomer" Type="Edm.String" MaxLength="10" sap:unicode="false" sap:label="Customer" sap:creatable="false" sap:updatable="false" sap:sortable="false" sap:filterable="false"/>
                <Property Name="SpecSelTaskListUsage" Type="Edm.String" MaxLength="3" sap:unicode="false" sap:label="Usage" sap:creatable="false" sap:updatable="false" sap:sortable="false" sap:filterable="false"/>
                <Property Name="SpecSelTlValidFromDate" Type="Edm.DateTime" Precision="7" sap:unicode="false" sap:label="Valid From" sap:creatable="false" sap:updatable="false" sap:sortable="false" sap:filterable="false"/>
                <Property Name="SpecSelMaterialExternal" Type="Edm.String" MaxLength="40" sap:unicode="false" sap:label="Material Number" sap:creatable="false" sap:updatable="false" sap:sortable="false" sap:filterable="false"/>
                <Property Name="SpecSelMaterialGuid" Type="Edm.String" MaxLength="32" sap:unicode="false" sap:label="GUID (External)" sap:creatable="false" sap:updatable="false" sap:sortable="false" sap:filterable="false"/>
                <Property Name="SpecSelMaterialVersion" Type="Edm.String" MaxLength="10" sap:unicode="false" sap:label="Version Number" sap:creatable="false" sap:updatable="false" sap:sortable="false" sap:filterable="false"/>
                <Property Name="UdMode" Type="Edm.String" MaxLength="1" sap:unicode="false" sap:label="UD mode" sap:creatable="false" sap:updatable="false" sap:sortable="false" sap:filterable="false"/>
                <Property Name="UdCatalogType" Type="Edm.String" MaxLength="1" sap:unicode="false" sap:label="Catalog" sap:creatable="false" sap:updatable="false" sap:sortable="false" sap:filterable="false"/>
                <Property Name="UdPlant" Type="Edm.String" MaxLength="4" sap:unicode="false" sap:label="Plant" sap:creatable="false" sap:updatable="false" sap:sortable="false" sap:filterable="false"/>
                <Property Name="UdSelectedSet" Type="Edm.String" MaxLength="8" sap:unicode="false" sap:label="UD selected set" sap:creatable="false" sap:updatable="false" sap:sortable="false" sap:filterable="false"/>
                <Property Name="UdCodeGroup" Type="Edm.String" MaxLength="8" sap:unicode="false" sap:label="UD code group" sap:creatable="false" sap:updatable="false" sap:sortable="false" sap:filterable="false"/>
                <Property Name="UdCode" Type="Edm.String" MaxLength="4" sap:unicode="false" sap:label="UD code" sap:creatable="false" sap:updatable="false" sap:sortable="false" sap:filterable="false"/>
                <Property Name="CodeValuation" Type="Edm.String" MaxLength="1" sap:unicode="false" sap:label="Valuation Code" sap:creatable="false" sap:updatable="false" sap:sortable="false" sap:filterable="false"/>
                <Property Name="DynModifValuation" Type="Edm.String" MaxLength="1" sap:unicode="false" sap:label="DynModValuation" sap:creatable="false" sap:updatable="false" sap:sortable="false" sap:filterable="false"/>
                <Property Name="FollowUpAction" Type="Edm.String" MaxLength="8" sap:unicode="false" sap:label="Follow-up actn" sap:creatable="false" sap:updatable="false" sap:sortable="false" sap:filterable="false"/>
                <Property Name="QualityScore" Type="Edm.Decimal" Precision="3" Scale="0" sap:unicode="false" sap:label="Quality score" sap:creatable="false" sap:updatable="false" sap:sortable="false" sap:filterable="false"/>
                <Property Name="IndUdLongText" Type="Edm.String" MaxLength="1" sap:unicode="false" sap:label="Long text" sap:creatable="false" sap:updatable="false" sap:sortable="false" sap:filterable="false"/>
                <Property Name="UdRecordedByUser" Type="Edm.String" MaxLength="12" sap:unicode="false" sap:label="UsgDec. made by" sap:creatable="false" sap:updatable="false" sap:sortable="false" sap:filterable="false"/>
                <Property Name="UdRecordedOnDate" Type="Edm.DateTime" Precision="7" sap:unicode="false" sap:label="UD Code Date" sap:creatable="false" sap:updatable="false" sap:sortable="false" sap:filterable="false"/>
                <Property Name="UdRecordedAtTime" Type="Edm.Time" Precision="0" sap:unicode="false" sap:label="Time" sap:creatable="false" sap:updatable="false" sap:sortable="false" sap:filterable="false"/>
                <Property Name="UdChangedByUser" Type="Edm.String" MaxLength="12" sap:unicode="false" sap:label="UsgDec. chgd by" sap:creatable="false" sap:updatable="false" sap:sortable="false" sap:filterable="false"/>
                <Property Name="UdChangedOnDate" Type="Edm.DateTime" Precision="7" sap:unicode="false" sap:label="Date of UD" sap:creatable="false" sap:updatable="false" sap:sortable="false" sap:filterable="false"/>
                <Property Name="UdChangedAtTime" Type="Edm.Time" Precision="0" sap:unicode="false" sap:label="Time" sap:creatable="false" sap:updatable="false" sap:sortable="false" sap:filterable="false"/>
                <Property Name="Inspoper" Type="Edm.String" MaxLength="4" sap:unicode="false" sap:label="Operation" sap:creatable="false" sap:updatable="false" sap:sortable="false" sap:filterable="false"/>
                <Property Name="TxtOper" Type="Edm.String" MaxLength="40" sap:unicode="false" sap:label="Short text" sap:creatable="false" sap:updatable="false" sap:sortable="false" sap:filterable="false"/>
                <Property Name="Workcenter" Type="Edm.String" MaxLength="8" sap:unicode="false" sap:label="Work center" sap:creatable="false" sap:updatable="false" sap:sortable="false" sap:filterable="false"/>
                <Property Name="PlntWorkc" Type="Edm.String" MaxLength="4" sap:unicode="false" sap:label="Plant" sap:creatable="false" sap:updatable="false" sap:sortable="false" sap:filterable="false"/>
                <Property Name="TxtWorkc" Type="Edm.String" MaxLength="40" sap:unicode="false" sap:label="Short text" sap:creatable="false" sap:updatable="false" sap:sortable="false" sap:filterable="false"/>
                <Property Name="IdiSubsys" Type="Edm.String" MaxLength="6" sap:unicode="false" sap:label="QDR system" sap:creatable="false" sap:updatable="false" sap:sortable="false" sap:filterable="false"/>
            </EntityType>
            <EntityContainer Name="ZPORTALS_QM_PORTAL_SRV_Entities" m:IsDefaultEntityContainer="true" sap:supported-formats="atom json xlsx">
                <EntitySet Name="insplotlistSet" EntityType="ZPORTALS_QM_PORTAL_SRV.insplotlist" sap:creatable="false" sap:updatable="false" sap:deletable="false" sap:pageable="false" sap:content-version="1"/>
                <EntitySet Name="insplotdetailSet" EntityType="ZPORTALS_QM_PORTAL_SRV.insplotdetail" sap:creatable="false" sap:updatable="false" sap:deletable="false" sap:pageable="false" sap:content-version="1"/>
            </EntityContainer>
            <atom:link
                xmlns:atom="http://www.w3.org/2005/Atom" rel="self" href="./sap/ZPORTALS_QM_PORTAL_SRV/$metadata"/>
                <atom:link
                    xmlns:atom="http://www.w3.org/2005/Atom" rel="latest-version" href="./sap/ZPORTALS_QM_PORTAL_SRV/$metadata"/>
                </Schema>
            </edmx:DataServices>
        </edmx:Edmx>